<?xml version="1.0" encoding="UTF-8" standalone="no"?><Entities build="b148" majorVersion="6" minorVersion="6" modelPersistenceProviderPackage="NeoPersistenceProviderPackage" revision="2" schemaVersion="809"><DataShapes><DataShape aspect.isExtension="true" aspect.isSystemObject="false" baseDataShape="" description="Message received event" documentationContent="" homeMashup="" lastModifiedDate="2015-12-31T13:31:28.841+02:00" name="MessageReceivedEvent" tags=""><Owner name="SuperUser" type="User"/><avatar/><DesignTimePermissions><Create/><Read/><Update/><Delete/><Metadata/></DesignTimePermissions><RunTimePermissions/><VisibilityPermissions><Visibility/></VisibilityPermissions><ConfigurationTables/><FieldDefinitions><FieldDefinition aspect.isPrimaryKey="true" baseType="STRING" description="Message received" name="messageReceived" ordinal="0"/></FieldDefinitions><ConfigurationChanges><ConfigurationChange changeAction="CREATE" changeReason="Importing Extension Package Metadata" timestamp="2015-12-31T13:31:28.841+02:00" user="SuperUser"/></ConfigurationChanges></DataShape></DataShapes></Entities>