<?xml version="1.0" encoding="UTF-8" standalone="no"?><Entities build="b148" majorVersion="6" minorVersion="6" modelPersistenceProviderPackage="NeoPersistenceProviderPackage" revision="2" schemaVersion="809"><DataShapes><DataShape aspect.isExtension="true" aspect.isSystemObject="false" baseDataShape="" description="Datashape holding received messages" documentationContent="" homeMashup="" lastModifiedDate="2015-12-31T13:31:28.842+02:00" name="ReceivedMessagesShape" tags=""><Owner name="SuperUser" type="User"/><avatar/><DesignTimePermissions><Create/><Read/><Update/><Delete/><Metadata/></DesignTimePermissions><RunTimePermissions/><VisibilityPermissions><Visibility/></VisibilityPermissions><ConfigurationTables/><FieldDefinitions><FieldDefinition aspect.isPrimaryKey="false" baseType="DATETIME" description="Message date" name="Date" ordinal="0"/><FieldDefinition aspect.isPrimaryKey="true" baseType="STRING" description="Message content" name="Message" ordinal="0"/></FieldDefinitions><ConfigurationChanges><ConfigurationChange changeAction="CREATE" changeReason="Importing Extension Package Metadata" timestamp="2015-12-31T13:31:28.842+02:00" user="SuperUser"/></ConfigurationChanges></DataShape></DataShapes></Entities>